{"stats":{"minecraft:picked_up":{"minecraft:jungle_sapling":1},"minecraft:custom":{"minecraft:jump":240,"minecraft:time_since_rest":62,"minecraft:deaths":2,"minecraft:walk_on_water_one_cm":1202,"minecraft:leave_game":2,"minecraft:play_time":7259,"minecraft:sprint_one_cm":25862,"minecraft:damage_taken":500,"minecraft:time_since_death":32,"minecraft:walk_one_cm":12559,"minecraft:sneak_time":8,"minecraft:climb_one_cm":2235,"minecraft:total_world_time":7259,"minecraft:walk_under_water_one_cm":2194,"minecraft:swim_one_cm":9686,"minecraft:drop":1,"minecraft:fall_one_cm":8098,"minecraft:fly_one_cm":58341},"minecraft:mined":{"minecraft:jungle_leaves":3,"minecraft:oak_leaves":2},"minecraft:dropped":{"minecraft:jungle_sapling":1},"minecraft:killed_by":{"minecraft:skeleton":2}},"DataVersion":3955}