{"stats":{"minecraft:picked_up":{"minecraft:jungle_sapling":1},"minecraft:custom":{"minecraft:jump":246,"minecraft:time_since_rest":264,"minecraft:damage_taken":500,"minecraft:leave_game":3,"minecraft:time_since_death":234,"minecraft:play_time":7461,"minecraft:walk_one_cm":13261,"minecraft:sprint_one_cm":25862,"minecraft:deaths":2,"minecraft:walk_on_water_one_cm":1202,"minecraft:sneak_time":8,"minecraft:total_world_time":7461,"minecraft:climb_one_cm":2235,"minecraft:walk_under_water_one_cm":2194,"minecraft:swim_one_cm":9686,"minecraft:fall_one_cm":8098,"minecraft:drop":1,"minecraft:fly_one_cm":58367},"minecraft:killed_by":{"minecraft:skeleton":2},"minecraft:mined":{"minecraft:jungle_leaves":3,"minecraft:oak_leaves":2},"minecraft:dropped":{"minecraft:jungle_sapling":1}},"DataVersion":3955}