{"stats":{"minecraft:custom":{"minecraft:jump":109,"minecraft:time_since_rest":11127,"minecraft:damage_dealt":162,"minecraft:walk_on_water_one_cm":4369,"minecraft:sprint_one_cm":11750,"minecraft:leave_game":2,"minecraft:play_time":11127,"minecraft:damage_taken":185,"minecraft:time_since_death":11127,"minecraft:walk_one_cm":25995,"minecraft:sneak_time":7,"minecraft:climb_one_cm":448,"minecraft:total_world_time":11127,"minecraft:walk_under_water_one_cm":2447,"minecraft:swim_one_cm":11385,"minecraft:fall_one_cm":3247,"minecraft:fly_one_cm":12559},"minecraft:mined":{"minecraft:oak_leaves":3}},"DataVersion":3955}